{"cameraMode":{"drawMode":0,"name":"Shaded","section":"Shading Mode"},"sceneLighting":false,"audioPlay":false,"sceneViewState":{"showFog":true,"showMaterialUpdate":false,"showSkybox":false,"showFlares":true,"showImageEffects":true,"showParticleSystems":true},"in2DMode":false,"pivot":{"x":0.8452949523925781,"y":-36.62381362915039,"z":-37.60123825073242},"rotation":{"x":-0.021473238244652749,"y":0.8985735774040222,"z":-0.43606704473495486,"w":-0.044243816286325458},"size":102.75350952148438,"orthographic":false}