{"cameraMode":{"drawMode":0,"name":"Shaded","section":"Shading Mode"},"sceneLighting":false,"audioPlay":false,"sceneViewState":{"showFog":true,"showMaterialUpdate":false,"showSkybox":false,"showFlares":true,"showImageEffects":true,"showParticleSystems":true},"in2DMode":false,"pivot":{"x":-51.85432434082031,"y":-46.33406448364258,"z":4.797091007232666},"rotation":{"x":-0.25607961416244509,"y":0.6406928300857544,"z":-0.2402859479188919,"w":-0.6827945113182068},"size":133.54083251953126,"orthographic":false}