{"cameraMode":{"drawMode":0,"name":"Shaded","section":"Shading Mode"},"sceneLighting":false,"audioPlay":false,"sceneViewState":{"showFog":true,"showMaterialUpdate":false,"showSkybox":false,"showFlares":true,"showImageEffects":true,"showParticleSystems":true},"in2DMode":false,"pivot":{"x":-26.0629825592041,"y":-5.554673194885254,"z":-5.660210609436035},"rotation":{"x":0.1591806560754776,"y":0.829500675201416,"z":-0.446476012468338,"w":0.2955259680747986},"size":41.146690368652347,"orthographic":false}