{"cameraMode":{"drawMode":0,"name":"Shaded","section":"Shading Mode"},"sceneLighting":false,"audioPlay":false,"sceneViewState":{"showFog":true,"showMaterialUpdate":false,"showSkybox":false,"showFlares":true,"showImageEffects":true,"showParticleSystems":true},"in2DMode":false,"pivot":{"x":-13.507098197937012,"y":5.0803093910217289,"z":-4.332267761230469},"rotation":{"x":-0.22319923341274262,"y":0.33723998069763186,"z":-0.082647405564785,"w":-0.9108623266220093},"size":12.696916580200196,"orthographic":false}