{"cameraMode":{"drawMode":0,"name":"Shaded","section":"Shading Mode"},"sceneLighting":true,"audioPlay":false,"sceneViewState":{"showFog":true,"showMaterialUpdate":false,"showSkybox":true,"showFlares":true,"showImageEffects":true,"showParticleSystems":true},"in2DMode":false,"pivot":{"x":-8.521750450134278,"y":-0.5512410998344421,"z":0.9837414026260376},"rotation":{"x":0.4394775927066803,"y":-0.14968723058700562,"z":0.07453335076570511,"w":0.8825902938842773},"size":12.261232376098633,"orthographic":false}